rouge1,rouge2,rougeL,rougeLsum
0.022338638906257067,0.0,0.021792203333672648,0.022005026238004093
